Culture,Country,Predicate,Accuracy (%),Samples
Asian,Australia,P17 (Country),100.0,1
Asian,Australia,P27 (Country of citizenship),100.0,1
Asian,Canada,P27 (Country of citizenship),0.0,1
Asian,China,P30 (Continent),100.0,1
Asian,China,P36 (Capital),100.0,1
Asian,China,P37 (Official language),100.0,1
Asian,China,P106 (Occupation),65.15,66
Asian,China,P103 (Native language),61.11,54
Asian,China,P1412 (Languages spoken or published),60.0,40
Asian,China,P364 (Original language of work),54.17,24
Asian,China,P19 (Place of birth),19.51,82
Asian,China,P17 (Country),19.33,150
Asian,China,P27 (Country of citizenship),9.52,42
Asian,China,P136 (Genre),7.5,80
Asian,China,P449 (Original network),6.25,48
Asian,China,P495 (Country of origin),5.56,18
Asian,China,P20 (Place of death),2.91,206
Asian,China,P1303 (Instrument),0.0,80
Asian,China,P1376 (Capital of),0.0,1
Asian,China,P190 (Sister city),0.0,143
Asian,China,P264 (Record label),0.0,24
Asian,China,P47 (Shares border with),0.0,1
Asian,China,P530 (Diplomatic relation),0.0,1
Asian,France,P17 (Country),0.0,2
Asian,France,P495 (Country of origin),0.0,1
Asian,Indonesia,P106 (Occupation),100.0,4
Asian,Indonesia,P1376 (Capital of),100.0,2
Asian,Indonesia,P1412 (Languages spoken or published),100.0,5
Asian,Indonesia,P30 (Continent),100.0,1
Asian,Indonesia,P36 (Capital),100.0,1
Asian,Indonesia,P37 (Official language),100.0,1
Asian,Indonesia,P17 (Country),80.0,20
Asian,Indonesia,P19 (Place of birth),75.0,4
Asian,Indonesia,P27 (Country of citizenship),66.67,3
Asian,Indonesia,P136 (Genre),50.0,2
Asian,Indonesia,P495 (Country of origin),40.0,5
Asian,Indonesia,P103 (Native language),33.33,3
Asian,Indonesia,P20 (Place of death),16.67,12
Asian,Indonesia,P1303 (Instrument),0.0,2
Asian,Indonesia,P190 (Sister city),0.0,12
Asian,Indonesia,P264 (Record label),0.0,2
Asian,Indonesia,P449 (Original network),0.0,2
Asian,Indonesia,P47 (Shares border with),0.0,1
Asian,Indonesia,P530 (Diplomatic relation),0.0,1
Asian,Japan,P30 (Continent),100.0,1
Asian,Japan,P36 (Capital),100.0,1
Asian,Japan,P37 (Official language),100.0,1
Asian,Japan,P47 (Shares border with),100.0,1
Asian,Japan,P103 (Native language),92.09,569
Asian,Japan,P1376 (Capital of),85.71,7
Asian,Japan,P364 (Original language of work),78.44,895
Asian,Japan,P17 (Country),71.35,569
Asian,Japan,P1412 (Languages spoken or published),57.63,767
Asian,Japan,P19 (Place of birth),45.6,728
Asian,Japan,P27 (Country of citizenship),36.3,741
Asian,Japan,P106 (Occupation),34.0,747
Asian,Japan,P20 (Place of death),20.12,517
Asian,Japan,P495 (Country of origin),15.49,923
Asian,Japan,P1303 (Instrument),14.58,672
Asian,Japan,P136 (Genre),4.69,639
Asian,Japan,P449 (Original network),1.68,656
Asian,Japan,P190 (Sister city),1.33,150
Asian,Japan,P264 (Record label),0.0,702
Asian,Japan,P530 (Diplomatic relation),0.0,1
Asian,Lebanon,P17 (Country),0.0,1
Asian,Malaysia,P30 (Continent),100.0,1
Asian,Malaysia,P36 (Capital),100.0,1
Asian,Malaysia,P37 (Official language),100.0,1
Asian,Malaysia,P17 (Country),78.57,28
Asian,Malaysia,P27 (Country of citizenship),72.73,11
Asian,Malaysia,P103 (Native language),66.67,3
Asian,Malaysia,P1412 (Languages spoken or published),66.67,9
Asian,Malaysia,P106 (Occupation),55.56,9
Asian,Malaysia,P19 (Place of birth),40.0,5
Asian,Malaysia,P1303 (Instrument),25.0,4
Asian,Malaysia,P20 (Place of death),14.29,7
Asian,Malaysia,P136 (Genre),11.11,9
Asian,Malaysia,P190 (Sister city),0.0,7
Asian,Malaysia,P264 (Record label),0.0,3
Asian,Malaysia,P449 (Original network),0.0,1
Asian,Malaysia,P47 (Shares border with),0.0,1
Asian,Malaysia,P530 (Diplomatic relation),0.0,1
Asian,Mongolia,P106 (Occupation),100.0,1
Asian,Mongolia,P1376 (Capital of),100.0,1
Asian,Mongolia,P1412 (Languages spoken or published),100.0,1
Asian,Mongolia,P27 (Country of citizenship),100.0,1
Asian,Mongolia,P30 (Continent),100.0,1
Asian,Mongolia,P36 (Capital),100.0,1
Asian,Mongolia,P37 (Official language),100.0,1
Asian,Mongolia,P17 (Country),66.67,3
Asian,Mongolia,P20 (Place of death),33.33,3
Asian,Mongolia,P190 (Sister city),0.0,2
Asian,Mongolia,P19 (Place of birth),0.0,1
Asian,Mongolia,P47 (Shares border with),0.0,1
Asian,Mongolia,P530 (Diplomatic relation),0.0,1
Asian,Myanmar,P103 (Native language),100.0,2
Asian,Myanmar,P106 (Occupation),100.0,1
Asian,Myanmar,P1376 (Capital of),100.0,1
Asian,Myanmar,P1412 (Languages spoken or published),100.0,1
Asian,Myanmar,P27 (Country of citizenship),100.0,1
Asian,Myanmar,P30 (Continent),100.0,1
Asian,Myanmar,P37 (Official language),100.0,1
Asian,Myanmar,P17 (Country),71.43,7
Asian,Myanmar,P20 (Place of death),36.36,11
Asian,Myanmar,P19 (Place of birth),33.33,3
Asian,Myanmar,P190 (Sister city),0.0,3
Asian,Myanmar,P36 (Capital),0.0,1
Asian,Myanmar,P47 (Shares border with),0.0,1
Asian,Myanmar,P530 (Diplomatic relation),0.0,1
Asian,North Korea,P103 (Native language),100.0,6
Asian,North Korea,P30 (Continent),100.0,1
Asian,North Korea,P36 (Capital),100.0,1
Asian,North Korea,P37 (Official language),100.0,1
Asian,North Korea,P47 (Shares border with),100.0,1
Asian,North Korea,P495 (Country of origin),100.0,1
Asian,North Korea,P106 (Occupation),60.0,5
Asian,North Korea,P17 (Country),57.14,7
Asian,North Korea,P1412 (Languages spoken or published),40.0,5
Asian,North Korea,P27 (Country of citizenship),33.33,3
Asian,North Korea,P20 (Place of death),9.09,22
Asian,North Korea,P19 (Place of birth),8.33,12
Asian,North Korea,P1303 (Instrument),0.0,1
Asian,North Korea,P190 (Sister city),0.0,8
Asian,North Korea,P530 (Diplomatic relation),0.0,1
Asian,Philippines,P1376 (Capital of),100.0,1
Asian,Philippines,P30 (Continent),100.0,1
Asian,Philippines,P36 (Capital),100.0,1
Asian,Philippines,P37 (Official language),100.0,1
Asian,Philippines,P47 (Shares border with),100.0,1
Asian,Philippines,P495 (Country of origin),100.0,1
Asian,Philippines,P17 (Country),90.48,21
Asian,Philippines,P106 (Occupation),85.71,14
Asian,Philippines,P103 (Native language),80.0,5
Asian,Philippines,P27 (Country of citizenship),50.0,14
Asian,Philippines,P136 (Genre),40.0,5
Asian,Philippines,P20 (Place of death),33.33,15
Asian,Philippines,P19 (Place of birth),25.0,8
Asian,Philippines,P1412 (Languages spoken or published),18.18,11
Asian,Philippines,P1303 (Instrument),0.0,7
Asian,Philippines,P190 (Sister city),0.0,1
Asian,Philippines,P264 (Record label),0.0,3
Asian,Philippines,P449 (Original network),0.0,1
Asian,Philippines,P530 (Diplomatic relation),0.0,1
Asian,Singapore,P1376 (Capital of),100.0,1
Asian,Singapore,P1412 (Languages spoken or published),100.0,1
Asian,Singapore,P17 (Country),100.0,6
Asian,Singapore,P30 (Continent),100.0,1
Asian,Singapore,P36 (Capital),100.0,1
Asian,Singapore,P37 (Official language),100.0,1
Asian,Singapore,P449 (Original network),100.0,1
Asian,Singapore,P47 (Shares border with),100.0,1
Asian,Singapore,P27 (Country of citizenship),60.0,5
Asian,Singapore,P106 (Occupation),50.0,4
Asian,Singapore,P103 (Native language),0.0,2
Asian,Singapore,P1303 (Instrument),0.0,1
Asian,Singapore,P136 (Genre),0.0,1
Asian,Singapore,P190 (Sister city),0.0,1
Asian,Singapore,P264 (Record label),0.0,1
Asian,Singapore,P364 (Original language of work),0.0,1
Asian,Singapore,P530 (Diplomatic relation),0.0,1
Asian,South Korea,P1376 (Capital of),100.0,1
Asian,South Korea,P30 (Continent),100.0,1
Asian,South Korea,P36 (Capital),100.0,1
Asian,South Korea,P37 (Official language),100.0,1
Asian,South Korea,P47 (Shares border with),100.0,1
Asian,South Korea,P103 (Native language),87.14,311
Asian,South Korea,P17 (Country),70.59,51
Asian,South Korea,P1412 (Languages spoken or published),65.45,110
Asian,South Korea,P19 (Place of birth),44.21,95
Asian,South Korea,P27 (Country of citizenship),40.54,74
Asian,South Korea,P106 (Occupation),39.29,84
Asian,South Korea,P364 (Original language of work),33.33,63
Asian,South Korea,P495 (Country of origin),27.5,40
Asian,South Korea,P20 (Place of death),12.5,104
Asian,South Korea,P136 (Genre),9.95,211
Asian,South Korea,P449 (Original network),1.81,276
Asian,South Korea,P1303 (Instrument),1.14,176
Asian,South Korea,P264 (Record label),0.88,226
Asian,South Korea,P190 (Sister city),0.0,40
Asian,South Korea,P530 (Diplomatic relation),0.0,1
Asian,Taiwan,P30 (Continent),100.0,1
Asian,Taiwan,P36 (Capital),100.0,1
Asian,Taiwan,P37 (Official language),100.0,1
Asian,Taiwan,P17 (Country),86.49,37
Asian,Taiwan,P106 (Occupation),70.83,24
Asian,Taiwan,P1412 (Languages spoken or published),62.5,16
Asian,Taiwan,P27 (Country of citizenship),44.44,18
Asian,Taiwan,P103 (Native language),43.33,30
Asian,Taiwan,P19 (Place of birth),22.22,18
Asian,Taiwan,P136 (Genre),21.05,19
Asian,Taiwan,P1303 (Instrument),13.79,29
Asian,Taiwan,P1376 (Capital of),0.0,1
Asian,Taiwan,P190 (Sister city),0.0,9
Asian,Taiwan,P20 (Place of death),0.0,17
Asian,Taiwan,P264 (Record label),0.0,14
Asian,Taiwan,P364 (Original language of work),0.0,11
Asian,Taiwan,P449 (Original network),0.0,12
Asian,Taiwan,P47 (Shares border with),0.0,1
Asian,Taiwan,P495 (Country of origin),0.0,4
Asian,Taiwan,P530 (Diplomatic relation),0.0,1
Asian,Thailand,P30 (Continent),100.0,1
Asian,Thailand,P36 (Capital),100.0,1
Asian,Thailand,P37 (Official language),100.0,1
Asian,Thailand,P103 (Native language),83.33,12
Asian,Thailand,P17 (Country),81.82,55
Asian,Thailand,P364 (Original language of work),60.0,5
Asian,Thailand,P1412 (Languages spoken or published),57.89,19
Asian,Thailand,P106 (Occupation),50.0,26
Asian,Thailand,P19 (Place of birth),29.17,24
Asian,Thailand,P27 (Country of citizenship),23.08,26
Asian,Thailand,P20 (Place of death),11.76,34
Asian,Thailand,P1303 (Instrument),0.0,19
Asian,Thailand,P136 (Genre),0.0,25
Asian,Thailand,P190 (Sister city),0.0,4
Asian,Thailand,P264 (Record label),0.0,25
Asian,Thailand,P449 (Original network),0.0,3
Asian,Thailand,P47 (Shares border with),0.0,1
Asian,Thailand,P495 (Country of origin),0.0,2
Asian,Thailand,P530 (Diplomatic relation),0.0,1
Asian,UK,P17 (Country),100.0,2
Asian,UK,P27 (Country of citizenship),0.0,1
Asian,UK,P495 (Country of origin),0.0,3
Asian,USA,P17 (Country),66.67,3
Asian,USA,P27 (Country of citizenship),0.0,1
Asian,Unknown Country,P1376 (Capital of),90.91,11
Asian,Unknown Country,P17 (Country),71.43,14
Asian,Unknown Country,P27 (Country of citizenship),41.86,43
Asian,Unknown Country,P495 (Country of origin),0.0,1
Asian,Vietnam,P36 (Capital),100.0,1
Asian,Vietnam,P37 (Official language),100.0,1
Asian,Vietnam,P495 (Country of origin),100.0,1
Asian,Vietnam,P530 (Diplomatic relation),100.0,1
Asian,Vietnam,P17 (Country),69.57,23
Asian,Vietnam,P103 (Native language),66.67,3
Asian,Vietnam,P27 (Country of citizenship),42.86,14
Asian,Vietnam,P106 (Occupation),33.33,15
Asian,Vietnam,P1412 (Languages spoken or published),26.67,15
Asian,Vietnam,P19 (Place of birth),25.0,20
Asian,Vietnam,P136 (Genre),11.11,9
Asian,Vietnam,P20 (Place of death),9.62,52
Asian,Vietnam,P1303 (Instrument),0.0,9
Asian,Vietnam,P190 (Sister city),0.0,7
Asian,Vietnam,P30 (Continent),0.0,1
Asian,Vietnam,P364 (Original language of work),0.0,1
Asian,Vietnam,P47 (Shares border with),0.0,1
Western,Andorra,P1376 (Capital of),100.0,1
Western,Andorra,P36 (Capital),100.0,1
Western,Andorra,P37 (Official language),100.0,1
Western,Andorra,P47 (Shares border with),100.0,1
Western,Andorra,P530 (Diplomatic relation),100.0,1
Western,Andorra,P30 (Continent),0.0,1
Western,Australia,P103 (Native language),100.0,5
Western,Australia,P36 (Capital),100.0,1
Western,Australia,P37 (Official language),100.0,1
Western,Australia,P27 (Country of citizenship),88.89,18
Western,Australia,P106 (Occupation),84.21,19
Western,Australia,P17 (Country),82.35,17
Western,Australia,P364 (Original language of work),66.67,6
Western,Australia,P19 (Place of birth),60.87,23
Western,Australia,P20 (Place of death),60.0,5
Western,Australia,P1412 (Languages spoken or published),50.0,14
Western,Australia,P136 (Genre),27.78,18
Western,Australia,P1303 (Instrument),10.0,20
Western,Australia,P264 (Record label),5.26,19
Western,Australia,P190 (Sister city),0.0,14
Western,Australia,P30 (Continent),0.0,1
Western,Australia,P449 (Original network),0.0,6
Western,Australia,P47 (Shares border with),0.0,1
Western,Australia,P495 (Country of origin),0.0,7
Western,Australia,P530 (Diplomatic relation),0.0,1
Western,Austria,P103 (Native language),100.0,3
Western,Austria,P106 (Occupation),100.0,2
Western,Austria,P30 (Continent),100.0,1
Western,Austria,P364 (Original language of work),100.0,1
Western,Austria,P36 (Capital),100.0,1
Western,Austria,P37 (Official language),100.0,1
Western,Austria,P19 (Place of birth),77.78,9
Western,Austria,P1412 (Languages spoken or published),75.0,4
Western,Austria,P17 (Country),75.0,8
Western,Austria,P27 (Country of citizenship),75.0,4
Western,Austria,P495 (Country of origin),50.0,2
Western,Austria,P136 (Genre),33.33,6
Western,Austria,P1303 (Instrument),25.0,4
Western,Austria,P20 (Place of death),23.53,17
Western,Austria,P264 (Record label),20.0,5
Western,Austria,P190 (Sister city),0.0,5
Western,Austria,P47 (Shares border with),0.0,1
Western,Austria,P530 (Diplomatic relation),0.0,1
Western,Belgium,P30 (Continent),100.0,1
Western,Belgium,P36 (Capital),100.0,1
Western,Belgium,P37 (Official language),100.0,1
Western,Belgium,P47 (Shares border with),100.0,1
Western,Belgium,P17 (Country),63.64,11
Western,Belgium,P495 (Country of origin),60.0,5
Western,Belgium,P106 (Occupation),57.14,7
Western,Belgium,P103 (Native language),41.67,12
Western,Belgium,P27 (Country of citizenship),33.33,6
Western,Belgium,P20 (Place of death),18.18,11
Western,Belgium,P136 (Genre),16.67,6
Western,Belgium,P1412 (Languages spoken or published),14.29,7
Western,Belgium,P19 (Place of birth),14.29,14
Western,Belgium,P1303 (Instrument),0.0,3
Western,Belgium,P190 (Sister city),0.0,10
Western,Belgium,P264 (Record label),0.0,2
Western,Belgium,P449 (Original network),0.0,1
Western,Belgium,P530 (Diplomatic relation),0.0,1
Western,Brazil,P27 (Country of citizenship),50.0,2
Western,Canada,P1376 (Capital of),100.0,1
Western,Canada,P30 (Continent),100.0,1
Western,Canada,P36 (Capital),100.0,1
Western,Canada,P37 (Official language),100.0,1
Western,Canada,P17 (Country),82.76,29
Western,Canada,P103 (Native language),82.61,23
Western,Canada,P106 (Occupation),80.95,42
Western,Canada,P364 (Original language of work),73.08,26
Western,Canada,P1412 (Languages spoken or published),48.57,35
Western,Canada,P19 (Place of birth),29.73,37
Western,Canada,P136 (Genre),20.59,34
Western,Canada,P1303 (Instrument),18.42,38
Western,Canada,P27 (Country of citizenship),12.2,41
Western,Canada,P449 (Original network),11.11,54
Western,Canada,P495 (Country of origin),10.34,29
Western,Canada,P20 (Place of death),8.33,12
Western,Canada,P264 (Record label),4.76,42
Western,Canada,P190 (Sister city),3.45,29
Western,Canada,P47 (Shares border with),0.0,1
Western,Canada,P530 (Diplomatic relation),0.0,1
Western,China,P17 (Country),0.0,1
Western,China,P495 (Country of origin),0.0,1
Western,Comoros,P17 (Country),100.0,1
Western,France,P1376 (Capital of),100.0,2
Western,France,P30 (Continent),100.0,1
Western,France,P37 (Official language),100.0,1
Western,France,P103 (Native language),85.89,163
Western,France,P17 (Country),71.49,221
Western,France,P106 (Occupation),70.78,154
Western,France,P1412 (Languages spoken or published),65.29,170
Western,France,P19 (Place of birth),56.55,145
Western,France,P364 (Original language of work),55.0,40
Western,France,P136 (Genre),35.9,117
Western,France,P495 (Country of origin),23.4,47
Western,France,P27 (Country of citizenship),21.94,155
Western,France,P20 (Place of death),16.19,210
Western,France,P1303 (Instrument),14.47,76
Western,France,P264 (Record label),6.52,46
Western,France,P190 (Sister city),5.0,40
Western,France,P36 (Capital),0.0,1
Western,France,P449 (Original network),0.0,19
Western,France,P47 (Shares border with),0.0,1
Western,France,P530 (Diplomatic relation),0.0,1
Western,Germany,P1376 (Capital of),100.0,2
Western,Germany,P30 (Continent),100.0,1
Western,Germany,P36 (Capital),100.0,1
Western,Germany,P37 (Official language),100.0,1
Western,Germany,P103 (Native language),94.59,37
Western,Germany,P364 (Original language of work),85.0,20
Western,Germany,P17 (Country),76.0,100
Western,Germany,P106 (Occupation),71.74,46
Western,Germany,P1412 (Languages spoken or published),70.83,48
Western,Germany,P19 (Place of birth),55.36,56
Western,Germany,P136 (Genre),44.44,27
Western,Germany,P495 (Country of origin),31.82,22
Western,Germany,P20 (Place of death),15.73,89
Western,Germany,P27 (Country of citizenship),14.29,42
Western,Germany,P1303 (Instrument),9.09,22
Western,Germany,P190 (Sister city),0.0,77
Western,Germany,P264 (Record label),0.0,14
Western,Germany,P449 (Original network),0.0,8
Western,Germany,P47 (Shares border with),0.0,1
Western,Germany,P530 (Diplomatic relation),0.0,1
Western,Ireland,P106 (Occupation),100.0,9
Western,Ireland,P30 (Continent),100.0,1
Western,Ireland,P36 (Capital),100.0,1
Western,Ireland,P37 (Official language),100.0,1
Western,Ireland,P47 (Shares border with),100.0,1
Western,Ireland,P1412 (Languages spoken or published),71.43,7
Western,Ireland,P103 (Native language),50.0,2
Western,Ireland,P17 (Country),50.0,4
Western,Ireland,P136 (Genre),40.0,15
Western,Ireland,P19 (Place of birth),25.0,8
Western,Ireland,P264 (Record label),18.18,11
Western,Ireland,P1303 (Instrument),0.0,10
Western,Ireland,P1376 (Capital of),0.0,1
Western,Ireland,P190 (Sister city),0.0,2
Western,Ireland,P20 (Place of death),0.0,1
Western,Ireland,P27 (Country of citizenship),0.0,8
Western,Ireland,P449 (Original network),0.0,1
Western,Ireland,P495 (Country of origin),0.0,4
Western,Ireland,P530 (Diplomatic relation),0.0,1
Western,Italy,P30 (Continent),100.0,1
Western,Italy,P36 (Capital),100.0,1
Western,Italy,P37 (Official language),100.0,1
Western,Italy,P47 (Shares border with),100.0,1
Western,Italy,P103 (Native language),91.89,37
Western,Italy,P17 (Country),83.72,43
Western,Italy,P1412 (Languages spoken or published),76.09,46
Western,Italy,P19 (Place of birth),50.0,62
Western,Italy,P449 (Original network),50.0,2
Western,Italy,P106 (Occupation),48.78,41
Western,Italy,P364 (Original language of work),33.33,3
Western,Italy,P136 (Genre),25.0,28
Western,Italy,P20 (Place of death),23.4,94
Western,Italy,P27 (Country of citizenship),23.08,26
Western,Italy,P495 (Country of origin),22.22,9
Western,Italy,P1303 (Instrument),5.26,38
Western,Italy,P190 (Sister city),0.0,40
Western,Italy,P264 (Record label),0.0,22
Western,Italy,P530 (Diplomatic relation),0.0,1
Western,Japan,P17 (Country),100.0,1
Western,Japan,P27 (Country of citizenship),100.0,1
Western,Japan,P495 (Country of origin),0.0,3
Western,Kuwait,P27 (Country of citizenship),0.0,1
Western,Liechtenstein,P1376 (Capital of),100.0,1
Western,Liechtenstein,P30 (Continent),100.0,1
Western,Liechtenstein,P36 (Capital),100.0,1
Western,Liechtenstein,P37 (Official language),100.0,1
Western,Liechtenstein,P47 (Shares border with),100.0,1
Western,Liechtenstein,P530 (Diplomatic relation),0.0,1
Western,Luxembourg,P1376 (Capital of),100.0,1
Western,Luxembourg,P17 (Country),100.0,3
Western,Luxembourg,P30 (Continent),100.0,1
Western,Luxembourg,P36 (Capital),100.0,1
Western,Luxembourg,P37 (Official language),100.0,1
Western,Luxembourg,P47 (Shares border with),100.0,1
Western,Luxembourg,P190 (Sister city),0.0,1
Western,Luxembourg,P530 (Diplomatic relation),0.0,1
Western,Monaco,P1376 (Capital of),100.0,1
Western,Monaco,P30 (Continent),100.0,1
Western,Monaco,P37 (Official language),100.0,1
Western,Monaco,P47 (Shares border with),100.0,1
Western,Monaco,P136 (Genre),0.0,1
Western,Monaco,P36 (Capital),0.0,1
Western,Monaco,P530 (Diplomatic relation),0.0,1
Western,Netherlands,P103 (Native language),100.0,1
Western,Netherlands,P17 (Country),75.0,4
Western,Netherlands,P19 (Place of birth),33.33,9
Western,Netherlands,P20 (Place of death),33.33,6
Western,Netherlands,P190 (Sister city),10.0,10
Western,Netherlands,P495 (Country of origin),0.0,5
Western,New Zealand,P103 (Native language),100.0,2
Western,New Zealand,P106 (Occupation),100.0,1
Western,New Zealand,P1412 (Languages spoken or published),100.0,1
Western,New Zealand,P27 (Country of citizenship),100.0,1
Western,New Zealand,P36 (Capital),100.0,1
Western,New Zealand,P37 (Official language),100.0,1
Western,New Zealand,P47 (Shares border with),100.0,1
Western,New Zealand,P495 (Country of origin),100.0,1
Western,New Zealand,P530 (Diplomatic relation),100.0,1
Western,New Zealand,P17 (Country),83.33,6
Western,New Zealand,P19 (Place of birth),50.0,2
Western,New Zealand,P136 (Genre),25.0,4
Western,New Zealand,P190 (Sister city),25.0,4
Western,New Zealand,P1303 (Instrument),20.0,5
Western,New Zealand,P264 (Record label),20.0,5
Western,New Zealand,P1376 (Capital of),0.0,1
Western,New Zealand,P20 (Place of death),0.0,1
Western,New Zealand,P30 (Continent),0.0,1
Western,New Zealand,P449 (Original network),0.0,1
Western,Portugal,P30 (Continent),100.0,1
Western,Portugal,P36 (Capital),100.0,1
Western,Portugal,P37 (Official language),100.0,1
Western,Portugal,P47 (Shares border with),100.0,1
Western,Portugal,P495 (Country of origin),100.0,1
Western,Portugal,P103 (Native language),85.71,7
Western,Portugal,P1412 (Languages spoken or published),85.71,7
Western,Portugal,P19 (Place of birth),80.0,5
Western,Portugal,P17 (Country),60.0,10
Western,Portugal,P106 (Occupation),50.0,6
Western,Portugal,P20 (Place of death),33.33,9
Western,Portugal,P27 (Country of citizenship),16.67,6
Western,Portugal,P1303 (Instrument),0.0,1
Western,Portugal,P136 (Genre),0.0,1
Western,Portugal,P190 (Sister city),0.0,10
Western,Portugal,P264 (Record label),0.0,1
Western,Portugal,P530 (Diplomatic relation),0.0,1
Western,San Marino,P1376 (Capital of),100.0,1
Western,San Marino,P36 (Capital),100.0,1
Western,San Marino,P37 (Official language),100.0,1
Western,San Marino,P47 (Shares border with),100.0,1
Western,San Marino,P30 (Continent),0.0,1
Western,San Marino,P530 (Diplomatic relation),0.0,1
Western,Spain,P1376 (Capital of),100.0,1
Western,Spain,P30 (Continent),100.0,1
Western,Spain,P36 (Capital),100.0,1
Western,Spain,P37 (Official language),100.0,1
Western,Spain,P47 (Shares border with),100.0,1
Western,Spain,P1412 (Languages spoken or published),90.62,32
Western,Spain,P103 (Native language),86.96,23
Western,Spain,P364 (Original language of work),83.33,6
Western,Spain,P17 (Country),80.19,106
Western,Spain,P106 (Occupation),55.56,27
Western,Spain,P19 (Place of birth),53.57,28
Western,Spain,P495 (Country of origin),50.0,4
Western,Spain,P264 (Record label),27.78,18
Western,Spain,P136 (Genre),25.0,32
Western,Spain,P27 (Country of citizenship),17.86,28
Western,Spain,P20 (Place of death),13.33,30
Western,Spain,P1303 (Instrument),8.7,23
Western,Spain,P190 (Sister city),0.0,22
Western,Spain,P449 (Original network),0.0,5
Western,Spain,P530 (Diplomatic relation),0.0,1
Western,Switzerland,P30 (Continent),100.0,1
Western,Switzerland,P36 (Capital),100.0,1
Western,Switzerland,P37 (Official language),100.0,1
Western,Switzerland,P47 (Shares border with),100.0,1
Western,Switzerland,P530 (Diplomatic relation),100.0,1
Western,Switzerland,P106 (Occupation),83.33,12
Western,Switzerland,P17 (Country),80.0,10
Western,Switzerland,P103 (Native language),66.67,3
Western,Switzerland,P19 (Place of birth),60.0,10
Western,Switzerland,P1303 (Instrument),50.0,2
Western,Switzerland,P1412 (Languages spoken or published),45.45,11
Western,Switzerland,P136 (Genre),40.0,5
Western,Switzerland,P20 (Place of death),6.25,32
Western,Switzerland,P190 (Sister city),0.0,4
Western,Switzerland,P264 (Record label),0.0,1
Western,Switzerland,P27 (Country of citizenship),0.0,10
Western,Switzerland,P449 (Original network),0.0,1
Western,UK,P1376 (Capital of),100.0,1
Western,UK,P30 (Continent),100.0,1
Western,UK,P36 (Capital),100.0,1
Western,UK,P37 (Official language),100.0,1
Western,UK,P103 (Native language),92.13,127
Western,UK,P364 (Original language of work),87.67,146
Western,UK,P106 (Occupation),73.79,145
Western,UK,P17 (Country),50.62,81
Western,UK,P136 (Genre),37.16,183
Western,UK,P449 (Original network),35.77,123
Western,UK,P19 (Place of birth),31.39,137
Western,UK,P1303 (Instrument),24.02,179
Western,UK,P1412 (Languages spoken or published),23.78,164
Western,UK,P27 (Country of citizenship),16.22,148
Western,UK,P20 (Place of death),15.87,126
Western,UK,P264 (Record label),10.81,185
Western,UK,P190 (Sister city),9.09,44
Western,UK,P495 (Country of origin),4.61,152
Western,UK,P47 (Shares border with),0.0,1
Western,UK,P530 (Diplomatic relation),0.0,1
Western,USA,P30 (Continent),100.0,1
Western,USA,P37 (Official language),100.0,1
Western,USA,P47 (Shares border with),100.0,1
Western,USA,P530 (Diplomatic relation),100.0,1
Western,USA,P103 (Native language),87.03,555
Western,USA,P364 (Original language of work),82.31,752
Western,USA,P106 (Occupation),74.64,489
Western,USA,P136 (Genre),32.31,523
Western,USA,P449 (Original network),30.55,779
Western,USA,P1412 (Languages spoken or published),24.45,454
Western,USA,P19 (Place of birth),21.32,455
Western,USA,P1303 (Instrument),16.58,579
Western,USA,P20 (Place of death),9.8,357
Western,USA,P264 (Record label),8.59,629
Western,USA,P190 (Sister city),2.58,155
Western,USA,P17 (Country),2.42,331
Western,USA,P27 (Country of citizenship),1.08,461
Western,USA,P495 (Country of origin),0.14,706
Western,USA,P1376 (Capital of),0.0,1
Western,USA,P36 (Capital),0.0,1
Western,Unknown Country,P1376 (Capital of),90.91,11
Western,Unknown Country,P17 (Country),69.23,13
Western,Unknown Country,P495 (Country of origin),50.0,2
Western,Unknown Country,P27 (Country of citizenship),21.43,42
